uid,name,age,email,phone,gender
1,dsfsd,32,asdfsd,sa23423,sdfasdfa
2,sdf,32,sdfsd,sdfsd,sdfsdf
4,Alex,22,alex@textmail.com,01243453425,male
5,Helen,17,helen@textmail.com,06457634543,female
6,Max,45,Max-1@textmail.com,07657324322,male
7,John,12,j@textmail.com,09345723467,male
8,Ivan,77,Ivan-777@textmail.com,02345324543,male
9,Peter,35,pp@textmail.com,07456342343,male
10,Ann,53,annie@textmail.com,08563445233,female
11,Matt,33,mett@textmail.com,06435433452,male
12,Kate,21,katerina@textmail.com,02453546444,female
13,Jack,43,jj@textmail.com,08967443234,male
